{"cameraMode":{"drawMode":0,"name":"Shaded","section":"Shading Mode"},"sceneLighting":true,"audioPlay":false,"sceneViewState":{"showFog":false,"showMaterialUpdate":false,"showSkybox":false,"showFlares":false,"showImageEffects":false,"showParticleSystems":false},"in2DMode":false,"pivot":{"x":282.3857727050781,"y":6.5892181396484379,"z":247.7747039794922},"rotation":{"x":0.16857486963272096,"y":0.6308883428573608,"z":-0.14299984276294709,"w":0.7437182664871216},"size":10.449999809265137,"orthographic":false}