{"cameraMode":{"drawMode":0,"name":"Shaded","section":"Shading Mode"},"sceneLighting":true,"audioPlay":false,"sceneViewState":{"showFog":false,"showMaterialUpdate":false,"showSkybox":false,"showFlares":false,"showImageEffects":false,"showParticleSystems":false},"in2DMode":false,"pivot":{"x":292.0498046875,"y":80.297607421875,"z":247.9598388671875},"rotation":{"x":0.061178188771009448,"y":0.8375692367553711,"z":-0.0959024503827095,"w":0.5343738794326782},"size":5.7890191078186039,"orthographic":true}