{"cameraMode":{"drawMode":0,"name":"Shaded","section":"Shading Mode"},"sceneLighting":true,"audioPlay":false,"sceneViewState":{"showFog":false,"showMaterialUpdate":false,"showSkybox":false,"showFlares":false,"showImageEffects":false,"showParticleSystems":false},"in2DMode":false,"pivot":{"x":292.044921875,"y":79.93731689453125,"z":248.8990478515625},"rotation":{"x":0.05409378185868263,"y":0.7953343391418457,"z":-0.07177860289812088,"w":0.599483847618103},"size":1.687908411026001,"orthographic":true}